{"eta_seconds": 25318.64203798864, "fast_rcnn/cls_accuracy": 0.07421875, "fast_rcnn/false_negative": 0.4332706766917293, "fast_rcnn/fg_cls_accuracy": 0.2701612903225806, "iteration": 3, "mask_rcnn/accuracy": 0.8362962372448979, "mask_rcnn/false_negative": 0.19827202303278857, "mask_rcnn/false_positive": 0.043371662652738584, "roi_head/num_bg_samples": 52.25, "roi_head/num_fg_samples": 11.75, "rpn/num_neg_anchors": 251.0, "rpn/num_pos_anchors": 5.0}
{"data_time": 0.012566199991852045, "iteration": 2, "loss_box_reg": 0.8903399705886841, "loss_cls": 1.5873150825500488, "loss_mask": 0.6877383589744568, "loss_rpn_cls": 0.00038164836587384343, "loss_rpn_loc": 0.005268480628728867, "lr": 2.998e-06, "rank_data_time": 0.012566199991852045, "time": 12.684690399793908, "total_loss": 3.1005462082102895}
